order_id,customer_id,order_date,amount_eur,status,updated_at
1001,1,2024-03-01,49.9,completed,2024-03-01 10:00:00
1002,2,2024-03-02,311.5,completed,2024-03-02 10:00:00
1003,1,2024-03-05,12.5,refunded,2024-03-05 10:00:00
1004,3,2024-03-07,89,completed,2024-03-07 10:00:00
1005,2,2024-03-10,388,completed,2024-03-10 10:00:00
1006,4,2024-03-12,25,pending,2024-03-12 10:00:00
1007,5,2024-03-15,75.25,completed,2024-03-15 10:00:00
1008,3,2024-03-20,12.5,completed,2024-03-20 10:00:00
2001,25,2023-09-03,347.8,cancelled,2023-09-21 00:00:00
2002,32,2023-09-17,99.9,completed,2023-09-17 19:00:00
2003,8,2023-09-23,19.9,completed,2023-09-23 12:00:00
2004,17,2023-09-13,24.9,completed,2023-09-13 08:00:00
2005,50,2023-09-19,121.5,completed,2023-09-19 08:00:00
2006,38,2023-09-09,22.5,completed,2023-09-09 19:00:00
2007,36,2023-09-06,207,completed,2023-09-06 08:00:00
2008,12,2023-09-30,33.8,refunded,2023-10-09 00:00:00
2009,33,2023-09-09,34.9,pending,2023-09-09 19:00:00
2010,55,2023-09-29,227.8,completed,2023-09-29 13:00:00
2011,10,2023-09-26,59,completed,2023-09-26 15:00:00
2012,3,2023-09-09,258,completed,2023-09-09 12:00:00
2013,58,2023-09-04,67.5,completed,2023-09-04 20:00:00
2014,4,2023-09-19,736.9,completed,2023-09-19 17:00:00
2015,4,2023-09-08,143.9,completed,2023-09-08 11:00:00
2016,6,2023-09-04,21.9,refunded,2023-09-09 00:00:00
2017,26,2023-09-19,168.9,cancelled,2023-10-06 00:00:00
2018,27,2023-09-14,59,completed,2023-09-14 09:00:00
2019,5,2023-09-01,556.8,refunded,2023-09-20 00:00:00
2020,24,2023-09-15,676,completed,2023-09-15 08:00:00
2021,4,2023-09-17,62.5,cancelled,2023-10-05 00:00:00
2022,27,2023-09-12,19.9,completed,2023-09-12 16:00:00
2023,13,2023-09-06,217.4,completed,2023-09-06 16:00:00
2024,31,2023-09-19,129,pending,2023-09-19 10:00:00
2025,6,2023-09-16,43.8,completed,2023-09-16 10:00:00
2026,40,2023-09-22,986,completed,2023-09-22 17:00:00
2027,47,2023-09-07,323.9,cancelled,2023-09-27 00:00:00
2028,4,2023-09-28,78.9,completed,2023-09-28 12:00:00
2029,10,2023-09-02,59.8,refunded,2023-09-03 00:00:00
2030,4,2023-09-24,18.5,completed,2023-09-24 16:00:00
2031,35,2023-09-23,91.5,completed,2023-09-23 08:00:00
2032,17,2023-09-24,303.2,pending,2023-09-24 19:00:00
2033,12,2023-09-19,12.5,completed,2023-09-19 19:00:00
2034,3,2023-09-07,321.85,completed,2023-09-07 15:00:00
2035,33,2023-09-27,225.4,completed,2023-09-27 20:00:00
2036,59,2023-09-05,18.5,completed,2023-09-05 13:00:00
2037,50,2023-09-13,894,completed,2023-09-13 19:00:00
2038,18,2023-09-23,77.4,cancelled,2023-10-11 00:00:00
2039,5,2023-10-17,625.9,completed,2023-10-17 09:00:00
2040,55,2023-10-15,54,refunded,2023-10-31 00:00:00
2041,50,2023-10-31,983,completed,2023-10-31 13:00:00
2042,50,2023-10-28,22.5,cancelled,2023-11-12 00:00:00
2043,22,2023-10-24,118.9,completed,2023-10-24 15:00:00
2044,51,2023-10-27,74.7,completed,2023-10-27 15:00:00
2045,27,2023-10-03,59,cancelled,2023-10-15 00:00:00
2046,21,2023-10-26,39.9,completed,2023-10-26 14:00:00
2047,48,2023-10-25,34.9,refunded,2023-11-10 00:00:00
2048,28,2023-10-12,75.25,completed,2023-10-12 19:00:00
2049,26,2023-10-03,168.8,completed,2023-10-03 19:00:00
2050,32,2023-10-26,22.5,completed,2023-10-26 19:00:00
2051,56,2023-10-03,51.8,completed,2023-10-03 15:00:00
2052,8,2023-10-27,74.9,completed,2023-10-27 15:00:00
2053,5,2023-10-12,158.7,refunded,2023-10-21 00:00:00
2054,16,2023-10-20,125.95,completed,2023-10-20 16:00:00
2055,52,2023-10-31,64.9,completed,2023-10-31 18:00:00
2056,28,2023-10-24,109,completed,2023-10-24 16:00:00
2057,10,2023-10-07,79,completed,2023-10-07 19:00:00
2058,4,2023-10-26,21.9,completed,2023-10-26 12:00:00
2059,56,2023-10-15,298,completed,2023-10-15 19:00:00
2060,49,2023-10-29,128.8,completed,2023-10-29 18:00:00
2061,26,2023-10-08,218,refunded,2023-10-26 00:00:00
2062,2,2023-10-22,598,completed,2023-10-22 13:00:00
2063,18,2023-10-28,24.9,completed,2023-10-28 15:00:00
2064,49,2023-10-13,516,completed,2023-10-13 14:00:00
2065,46,2023-10-04,399.5,refunded,2023-10-08 00:00:00
2066,20,2023-10-18,476,pending,2023-10-18 13:00:00
2067,58,2023-10-18,159,completed,2023-10-18 19:00:00
2068,48,2023-10-01,208.8,cancelled,2023-10-13 00:00:00
2069,35,2023-10-24,67.5,completed,2023-10-24 13:00:00
2070,44,2023-10-20,457.8,completed,2023-10-20 14:00:00
2071,18,2023-10-21,267.9,completed,2023-10-21 12:00:00
2072,36,2023-10-31,69.8,completed,2023-10-31 19:00:00
2073,45,2023-10-29,352.4,completed,2023-10-29 18:00:00
2074,53,2023-10-28,24.9,completed,2023-10-28 12:00:00
2075,32,2023-10-23,16.9,completed,2023-10-23 08:00:00
2076,12,2023-10-24,164.7,completed,2023-10-24 09:00:00
2077,33,2023-10-12,299,completed,2023-10-12 19:00:00
2078,3,2023-11-28,159.9,refunded,2023-12-04 00:00:00
2079,5,2023-11-28,12.5,completed,2023-11-28 18:00:00
2080,21,2023-11-11,218,completed,2023-11-11 15:00:00
2081,58,2023-11-29,99.8,completed,2023-11-29 19:00:00
2082,13,2023-11-05,39.9,completed,2023-11-05 09:00:00
2083,29,2023-11-30,372.25,completed,2023-11-30 19:00:00
2084,49,2023-11-04,118.7,cancelled,2023-11-06 00:00:00
2085,7,2023-11-14,148.8,completed,2023-11-14 18:00:00
2086,42,2023-11-07,1495,completed,2023-11-07 08:00:00
2087,47,2023-11-20,225.75,completed,2023-11-20 09:00:00
2088,12,2023-11-25,343.75,completed,2023-11-25 10:00:00
2089,45,2023-11-17,18.5,completed,2023-11-17 11:00:00
2090,14,2023-11-21,689.9,completed,2023-11-21 15:00:00
2091,24,2023-11-23,228,completed,2023-11-23 09:00:00
2092,29,2023-11-05,327,completed,2023-11-05 16:00:00
2093,32,2023-11-02,1117.5,cancelled,2023-11-05 00:00:00
2094,8,2023-11-29,169.6,pending,2023-11-29 13:00:00
2095,13,2023-11-11,18.5,completed,2023-11-11 14:00:00
2096,58,2023-11-21,337.9,cancelled,2023-12-02 00:00:00
2097,51,2023-11-01,174.5,completed,2023-11-01 14:00:00
2098,9,2023-11-30,451.9,completed,2023-11-30 16:00:00
2099,22,2023-11-11,29.9,completed,2023-11-11 16:00:00
2100,51,2023-11-13,83,refunded,2023-12-01 00:00:00
2101,7,2023-11-29,74.8,pending,2023-11-29 20:00:00
2102,60,2023-11-19,164.6,completed,2023-11-19 20:00:00
2103,25,2023-11-07,258,completed,2023-11-07 18:00:00
2104,48,2023-11-26,1055,completed,2023-11-26 08:00:00
2105,4,2023-11-28,298,refunded,2023-12-16 00:00:00
2106,37,2023-11-21,39.9,completed,2023-11-21 12:00:00
2107,7,2023-11-19,327.8,pending,2023-11-19 13:00:00
2108,49,2023-11-24,37,cancelled,2023-12-02 00:00:00
2109,41,2023-11-30,177,completed,2023-11-30 11:00:00
2110,14,2023-11-01,447,completed,2023-11-01 13:00:00
2111,1,2023-11-30,713.05,completed,2023-11-30 10:00:00
2112,55,2023-11-11,18.5,completed,2023-11-11 14:00:00
2113,55,2023-11-03,119.5,completed,2023-11-03 18:00:00
2114,30,2023-11-25,243.8,completed,2023-11-25 19:00:00
2115,33,2023-11-29,227.9,completed,2023-11-29 08:00:00
2116,3,2023-11-28,488.9,completed,2023-11-28 16:00:00
2117,52,2023-11-16,111.6,cancelled,2023-11-20 00:00:00
2118,24,2023-11-24,834.6,completed,2023-11-24 08:00:00
2119,2,2023-11-04,39.9,completed,2023-11-04 19:00:00
2120,47,2023-11-13,22.5,completed,2023-11-13 19:00:00
2121,42,2023-11-20,18.5,completed,2023-11-20 15:00:00
2122,45,2023-11-12,297,pending,2023-11-12 12:00:00
2123,6,2023-11-17,403.25,completed,2023-11-17 18:00:00
2124,42,2023-11-04,39.9,completed,2023-11-04 17:00:00
2125,59,2023-11-12,49.9,completed,2023-11-12 19:00:00
2126,52,2023-11-30,178,refunded,2023-12-12 00:00:00
2127,22,2023-11-02,19.9,completed,2023-11-02 19:00:00
2128,25,2023-11-08,74.9,completed,2023-11-08 14:00:00
2129,5,2023-11-01,43.8,completed,2023-11-01 08:00:00
2130,35,2023-11-28,99,completed,2023-11-28 18:00:00
2131,52,2023-11-22,49.9,completed,2023-11-22 10:00:00
2132,4,2023-11-27,220.8,completed,2023-11-27 17:00:00
2133,14,2023-11-24,307,completed,2023-11-24 13:00:00
2134,52,2023-11-03,357,completed,2023-11-03 20:00:00
2135,8,2023-11-16,455.25,completed,2023-11-16 13:00:00
2136,52,2023-11-26,336.9,refunded,2023-11-30 00:00:00
2137,36,2023-11-03,347.25,completed,2023-11-03 08:00:00
2138,33,2023-11-14,238,completed,2023-11-14 10:00:00
2139,9,2023-12-23,149.7,completed,2023-12-23 14:00:00
2140,22,2023-12-09,18.5,completed,2023-12-09 15:00:00
2141,56,2023-12-09,57.5,completed,2023-12-09 11:00:00
2142,24,2023-12-24,99.9,completed,2023-12-24 18:00:00
2143,29,2023-12-01,135.05,pending,2023-12-01 13:00:00
2144,56,2023-12-04,143.9,completed,2023-12-04 14:00:00
2145,1,2023-12-15,18.5,completed,2023-12-15 17:00:00
2146,31,2023-12-23,60.7,completed,2023-12-23 15:00:00
2147,43,2023-12-14,39.9,completed,2023-12-14 19:00:00
2148,42,2023-12-11,119.7,cancelled,2023-12-17 00:00:00
2149,28,2023-12-11,181.5,completed,2023-12-11 19:00:00
2150,10,2023-12-29,99,completed,2023-12-29 20:00:00
2151,56,2023-12-17,143.8,refunded,2024-01-04 00:00:00
2152,13,2023-12-13,298,completed,2023-12-13 18:00:00
2153,50,2023-12-24,121.5,completed,2023-12-24 13:00:00
2154,37,2023-12-20,198,refunded,2024-01-01 00:00:00
2155,46,2023-12-24,75.25,completed,2023-12-24 08:00:00
2156,17,2023-12-17,118,completed,2023-12-17 13:00:00
2157,53,2023-12-12,106.7,pending,2023-12-12 10:00:00
2158,53,2023-12-07,423.5,cancelled,2023-12-25 00:00:00
2159,23,2023-12-13,119,completed,2023-12-13 20:00:00
2160,37,2023-12-30,34.9,refunded,2024-01-05 00:00:00
2161,32,2023-12-27,311.7,refunded,2024-01-12 00:00:00
2162,9,2023-12-24,18.5,completed,2023-12-24 19:00:00
2163,34,2023-12-22,75.25,pending,2023-12-22 13:00:00
2164,29,2023-12-01,22.5,refunded,2023-12-06 00:00:00
2165,52,2023-12-07,29.9,completed,2023-12-07 08:00:00
2166,15,2023-12-09,149,completed,2023-12-09 13:00:00
2167,15,2023-12-25,54,completed,2023-12-25 18:00:00
2168,18,2023-12-30,150.5,completed,2023-12-30 16:00:00
2169,53,2023-12-28,74.9,completed,2023-12-28 19:00:00
2170,18,2023-12-18,49.9,completed,2023-12-18 12:00:00
2171,8,2023-12-24,486.9,refunded,2024-01-08 00:00:00
2172,40,2023-12-13,318,completed,2023-12-13 11:00:00
2173,34,2023-12-05,34.9,completed,2023-12-05 15:00:00
2174,15,2023-12-22,216.5,cancelled,2024-01-05 00:00:00
2175,5,2023-12-22,129,completed,2023-12-22 11:00:00
2176,59,2023-12-08,178,completed,2023-12-08 12:00:00
2177,31,2023-12-04,506,pending,2023-12-04 19:00:00
2178,32,2023-12-30,29.9,refunded,2024-01-03 00:00:00
2179,28,2023-12-03,596,completed,2023-12-03 18:00:00
2180,5,2023-12-03,34.9,refunded,2023-12-21 00:00:00
2181,55,2023-12-12,54,cancelled,2024-01-01 00:00:00
2182,54,2023-12-12,216,completed,2023-12-12 09:00:00
2183,59,2023-12-11,37,completed,2023-12-11 09:00:00
2184,2,2023-12-30,299,pending,2023-12-30 12:00:00
2185,49,2023-12-29,204.25,completed,2023-12-29 16:00:00
2186,44,2023-12-26,24.9,completed,2023-12-26 15:00:00
2187,5,2023-12-18,14.5,cancelled,2024-01-04 00:00:00
2188,1,2023-12-02,45,completed,2023-12-02 08:00:00
2189,19,2023-12-31,298,completed,2023-12-31 20:00:00
2190,12,2023-12-12,327,completed,2023-12-12 09:00:00
2191,46,2023-12-21,75.25,completed,2023-12-21 17:00:00
2192,21,2023-12-02,59,completed,2023-12-02 12:00:00
2193,19,2023-12-18,716,completed,2023-12-18 13:00:00
2194,16,2023-12-10,18.5,completed,2023-12-10 12:00:00
2195,52,2023-12-11,29,cancelled,2023-12-27 00:00:00
2196,55,2023-12-22,19.9,completed,2023-12-22 16:00:00
2197,9,2023-12-01,297,completed,2023-12-01 11:00:00
2198,10,2023-12-23,267.9,completed,2023-12-23 14:00:00
2199,45,2023-12-31,24.9,completed,2023-12-31 18:00:00
2200,35,2023-12-15,39.8,refunded,2023-12-30 00:00:00
2201,32,2023-12-31,198,completed,2023-12-31 08:00:00
2202,47,2024-01-20,145.9,completed,2024-01-20 14:00:00
2203,56,2024-01-04,39.9,completed,2024-01-04 10:00:00
2204,17,2024-01-03,299,completed,2024-01-03 20:00:00
2205,48,2024-01-17,34.9,refunded,2024-01-22 00:00:00
2206,12,2024-01-19,69.8,completed,2024-01-19 10:00:00
2207,27,2024-01-17,24.9,completed,2024-01-17 20:00:00
2208,25,2024-01-28,177,refunded,2024-02-04 00:00:00
2209,54,2024-01-26,16.9,completed,2024-01-26 12:00:00
2210,38,2024-01-25,109,completed,2024-01-25 17:00:00
2211,43,2024-01-09,29.9,completed,2024-01-09 13:00:00
2212,37,2024-01-21,253.9,cancelled,2024-02-06 00:00:00
2213,7,2024-01-01,635,completed,2024-01-01 17:00:00
2214,16,2024-01-01,59,completed,2024-01-01 09:00:00
2215,54,2024-01-12,29.9,completed,2024-01-12 17:00:00
2216,60,2024-01-15,679.9,completed,2024-01-15 10:00:00
2217,11,2024-01-27,59,pending,2024-01-27 14:00:00
2218,22,2024-01-08,24.9,completed,2024-01-08 16:00:00
2219,11,2024-01-01,217.9,completed,2024-01-01 12:00:00
2220,11,2024-01-09,240.9,completed,2024-01-09 08:00:00
2221,36,2024-01-16,105.15,completed,2024-01-16 16:00:00
2222,41,2024-01-26,54,refunded,2024-02-02 00:00:00
2223,7,2024-01-01,174.7,refunded,2024-01-11 00:00:00
2224,4,2024-01-04,99,completed,2024-01-04 16:00:00
2225,3,2024-01-15,21.9,completed,2024-01-15 16:00:00
2226,28,2024-01-09,95.6,refunded,2024-01-18 00:00:00
2227,40,2024-01-25,54,pending,2024-01-25 16:00:00
2228,46,2024-01-28,324,completed,2024-01-28 17:00:00
2229,36,2024-01-24,545,completed,2024-01-24 10:00:00
2230,48,2024-01-06,75.25,refunded,2024-01-12 00:00:00
2231,22,2024-01-20,467.9,completed,2024-01-20 10:00:00
2232,53,2024-02-15,458,completed,2024-02-15 09:00:00
2233,40,2024-02-25,50.7,completed,2024-02-25 18:00:00
2234,33,2024-02-10,178,completed,2024-02-10 17:00:00
2235,14,2024-02-08,183,completed,2024-02-08 14:00:00
2236,55,2024-02-07,287.8,cancelled,2024-02-10 00:00:00
2237,38,2024-02-21,14.5,completed,2024-02-21 11:00:00
2238,28,2024-02-28,709.9,completed,2024-02-28 12:00:00
2239,30,2024-02-26,108.8,completed,2024-02-26 11:00:00
2240,33,2024-02-07,59,completed,2024-02-07 14:00:00
2241,4,2024-02-09,79.8,refunded,2024-02-20 00:00:00
2242,32,2024-02-07,79,completed,2024-02-07 08:00:00
2243,59,2024-02-27,89,completed,2024-02-27 18:00:00
2244,52,2024-02-29,45,completed,2024-02-29 17:00:00
2245,50,2024-02-03,184.25,cancelled,2024-02-15 00:00:00
2246,57,2024-02-06,119,completed,2024-02-06 09:00:00
2247,3,2024-02-02,14.5,completed,2024-02-02 10:00:00
2248,43,2024-02-01,41.8,completed,2024-02-01 10:00:00
2249,38,2024-02-08,191.8,completed,2024-02-08 11:00:00
2250,16,2024-02-29,118,cancelled,2024-03-03 00:00:00
2251,45,2024-02-20,404.9,completed,2024-02-20 08:00:00
2252,9,2024-02-06,113.9,completed,2024-02-06 09:00:00
2253,9,2024-02-25,21.9,completed,2024-02-25 18:00:00
2254,6,2024-02-13,84.5,refunded,2024-02-14 00:00:00
2255,58,2024-02-01,895,completed,2024-02-01 13:00:00
2256,25,2024-02-03,280.5,pending,2024-02-03 10:00:00
2257,1,2024-02-22,164.25,completed,2024-02-22 08:00:00
2258,6,2024-02-29,214.6,completed,2024-02-29 14:00:00
2259,11,2024-02-25,267.8,completed,2024-02-25 18:00:00
2260,38,2024-02-10,29.4,completed,2024-02-10 16:00:00
2261,52,2024-02-06,21.9,completed,2024-02-06 15:00:00
2262,52,2024-02-22,252.9,completed,2024-02-22 17:00:00
2263,12,2024-02-29,89.8,completed,2024-02-29 11:00:00
2264,51,2024-02-13,149,cancelled,2024-02-15 00:00:00
2265,18,2024-02-25,54,completed,2024-02-25 16:00:00
2266,21,2024-02-21,238,refunded,2024-03-10 00:00:00
2267,60,2024-02-10,560.9,completed,2024-02-10 17:00:00
2268,49,2024-02-27,69.8,completed,2024-02-27 18:00:00
2269,40,2024-02-17,74.9,completed,2024-02-17 12:00:00
2270,52,2024-02-28,1233,completed,2024-02-28 11:00:00
2271,28,2024-02-14,179.7,completed,2024-02-14 10:00:00
2272,44,2024-02-13,397,completed,2024-02-13 09:00:00
2273,9,2024-02-12,195.9,completed,2024-02-12 11:00:00
2274,40,2024-02-14,620.5,completed,2024-02-14 08:00:00
2275,50,2024-02-29,164.25,completed,2024-02-29 12:00:00
2276,15,2024-02-04,174.7,pending,2024-02-04 19:00:00
2277,44,2024-03-28,299,completed,2024-03-28 14:00:00
2278,59,2024-03-19,14.5,pending,2024-03-19 12:00:00
2279,14,2024-03-09,377,completed,2024-03-09 19:00:00
2280,22,2024-03-03,14.5,cancelled,2024-03-14 00:00:00
2281,20,2024-03-07,555.9,completed,2024-03-07 08:00:00
2282,56,2024-03-02,37,completed,2024-03-02 10:00:00
2283,12,2024-03-31,39.9,completed,2024-03-31 08:00:00
2284,29,2024-03-02,79.8,cancelled,2024-03-10 00:00:00
2285,38,2024-03-29,19.9,completed,2024-03-29 20:00:00
2286,46,2024-03-28,72.4,cancelled,2024-04-10 00:00:00
2287,13,2024-03-14,318,refunded,2024-03-31 00:00:00
2288,21,2024-03-01,598,completed,2024-03-01 08:00:00
2289,11,2024-03-09,119,completed,2024-03-09 09:00:00
2290,49,2024-03-22,65.7,completed,2024-03-22 10:00:00
2291,44,2024-03-05,250.5,completed,2024-03-05 14:00:00
2292,59,2024-03-21,171.7,completed,2024-03-21 11:00:00
2293,42,2024-03-11,421.9,completed,2024-03-11 19:00:00
2294,9,2024-03-07,564.9,completed,2024-03-07 14:00:00
2295,33,2024-03-14,355.3,completed,2024-03-14 12:00:00
2296,34,2024-03-24,29.9,completed,2024-03-24 08:00:00
2297,35,2024-03-11,89,cancelled,2024-03-27 00:00:00
2298,36,2024-03-24,39.9,completed,2024-03-24 16:00:00
2299,27,2024-03-05,183.9,completed,2024-03-05 12:00:00
2300,34,2024-03-15,238,completed,2024-03-15 18:00:00
2301,46,2024-03-29,84.7,completed,2024-03-29 10:00:00
2302,32,2024-03-29,128.8,cancelled,2024-04-13 00:00:00
2303,17,2024-03-09,109,completed,2024-03-09 13:00:00
2304,3,2024-03-05,258,completed,2024-03-05 18:00:00
2305,44,2024-03-03,12.5,refunded,2024-03-23 00:00:00
2306,17,2024-03-30,39.9,completed,2024-03-30 15:00:00
2307,3,2024-03-07,784.8,refunded,2024-03-25 00:00:00
2308,20,2024-03-05,282.9,completed,2024-03-05 10:00:00
2309,16,2024-03-28,39.9,completed,2024-03-28 12:00:00
2310,17,2024-03-18,59.8,completed,2024-03-18 11:00:00
2311,45,2024-03-31,190.6,completed,2024-03-31 09:00:00
2312,22,2024-03-07,158.9,refunded,2024-03-10 00:00:00
2313,48,2024-03-29,54,refunded,2024-04-17 00:00:00
2314,55,2024-03-30,210.5,completed,2024-03-30 09:00:00
2315,5,2024-03-02,128.8,completed,2024-03-02 13:00:00
2316,53,2024-03-26,769.8,refunded,2024-03-29 00:00:00
2317,39,2024-03-08,29.9,completed,2024-03-08 09:00:00
2318,54,2024-03-27,149,refunded,2024-04-01 00:00:00
2319,55,2024-03-29,37.5,completed,2024-03-29 13:00:00
2320,11,2024-03-15,298,completed,2024-03-15 20:00:00
2321,45,2024-03-25,149,completed,2024-03-25 12:00:00
2322,33,2024-03-31,141.5,completed,2024-03-31 08:00:00
2323,43,2024-04-25,103.5,completed,2024-04-25 17:00:00
2324,22,2024-04-25,24.9,completed,2024-04-25 18:00:00
2325,39,2024-04-15,198,completed,2024-04-15 08:00:00
2326,16,2024-04-11,163.5,completed,2024-04-11 13:00:00
2327,56,2024-04-12,97.15,completed,2024-04-12 09:00:00
2328,24,2024-04-05,42.4,completed,2024-04-05 20:00:00
2329,58,2024-04-28,301.8,cancelled,2024-05-13 00:00:00
2330,32,2024-04-08,118,refunded,2024-04-28 00:00:00
2331,53,2024-04-24,752,pending,2024-04-24 16:00:00
2332,40,2024-04-17,54,refunded,2024-04-19 00:00:00
2333,38,2024-04-21,75.25,completed,2024-04-21 17:00:00
2334,3,2024-04-14,182.9,completed,2024-04-14 12:00:00
2335,31,2024-04-05,75.25,completed,2024-04-05 11:00:00
2336,55,2024-04-21,89,completed,2024-04-21 14:00:00
2337,8,2024-04-23,19.9,completed,2024-04-23 12:00:00
2338,16,2024-04-26,284.5,cancelled,2024-05-16 00:00:00
2339,55,2024-04-19,258,completed,2024-04-19 17:00:00
2340,57,2024-04-20,29.9,completed,2024-04-20 14:00:00
2341,56,2024-04-05,50,refunded,2024-04-15 00:00:00
2342,41,2024-04-23,29.4,refunded,2024-05-05 00:00:00
2343,51,2024-04-25,24.9,pending,2024-04-25 20:00:00
2344,36,2024-04-20,129,completed,2024-04-20 10:00:00
2345,17,2024-04-03,14.5,completed,2024-04-03 12:00:00
2346,44,2024-04-30,287,completed,2024-04-30 08:00:00
2347,47,2024-04-20,168,refunded,2024-04-27 00:00:00
2348,32,2024-04-21,79,refunded,2024-05-09 00:00:00
2349,47,2024-04-13,87,completed,2024-04-13 17:00:00
2350,30,2024-04-28,932.9,completed,2024-04-28 13:00:00
2351,28,2024-04-06,140.6,completed,2024-04-06 20:00:00
2352,29,2024-04-03,39.9,completed,2024-04-03 20:00:00
2353,12,2024-04-29,247.2,completed,2024-04-29 17:00:00
2354,13,2024-04-10,118,pending,2024-04-10 15:00:00
2355,48,2024-04-05,16.9,completed,2024-04-05 16:00:00
2356,46,2024-04-03,58.4,completed,2024-04-03 16:00:00
2357,6,2024-04-25,93.6,pending,2024-04-25 18:00:00
2358,13,2024-04-08,223.9,completed,2024-04-08 11:00:00
2359,27,2024-04-08,237,pending,2024-04-08 14:00:00
2360,42,2024-04-25,119,completed,2024-04-25 12:00:00
2361,1,2024-04-10,330.5,pending,2024-04-10 16:00:00
2362,53,2024-04-01,216.9,pending,2024-04-01 10:00:00
2363,21,2024-04-01,34.9,completed,2024-04-01 13:00:00
2364,59,2024-04-18,49.9,completed,2024-04-18 17:00:00
2365,58,2024-04-20,103.5,cancelled,2024-05-02 00:00:00
2366,38,2024-04-29,82.3,completed,2024-04-29 19:00:00
2367,54,2024-04-29,111.5,cancelled,2024-05-09 00:00:00
2368,18,2024-04-14,237.9,cancelled,2024-04-30 00:00:00
2369,3,2024-04-23,163.9,completed,2024-04-23 18:00:00
2370,33,2024-05-28,43.8,completed,2024-05-28 09:00:00
2371,20,2024-05-14,29.9,completed,2024-05-14 14:00:00
2372,11,2024-05-07,18.5,cancelled,2024-05-26 00:00:00
2373,47,2024-05-09,19.9,completed,2024-05-09 14:00:00
2374,18,2024-05-01,97.15,completed,2024-05-01 12:00:00
2375,46,2024-05-22,355,cancelled,2024-05-26 00:00:00
2376,30,2024-05-16,366.6,completed,2024-05-16 16:00:00
2377,6,2024-05-28,24.9,completed,2024-05-28 20:00:00
2378,2,2024-05-12,18.5,completed,2024-05-12 14:00:00
2379,19,2024-05-23,24.9,refunded,2024-05-26 00:00:00
2380,38,2024-05-15,115.5,completed,2024-05-15 16:00:00
2381,48,2024-05-11,34.9,refunded,2024-05-18 00:00:00
2382,13,2024-05-27,22.5,pending,2024-05-27 10:00:00
2383,16,2024-05-27,66.5,completed,2024-05-27 20:00:00
2384,26,2024-05-05,89.7,cancelled,2024-05-10 00:00:00
2385,18,2024-05-13,43.8,completed,2024-05-13 08:00:00
2386,40,2024-05-20,118,completed,2024-05-20 15:00:00
2387,32,2024-05-30,461.9,completed,2024-05-30 15:00:00
2388,39,2024-05-21,178,completed,2024-05-21 13:00:00
2389,11,2024-05-17,320.9,completed,2024-05-17 15:00:00
2390,37,2024-05-14,416.8,completed,2024-05-14 16:00:00
2391,9,2024-05-03,516,refunded,2024-05-09 00:00:00
2392,18,2024-05-10,138.8,refunded,2024-05-12 00:00:00
2393,18,2024-05-12,225.75,completed,2024-05-12 13:00:00
2394,32,2024-05-24,243,completed,2024-05-24 08:00:00
2395,31,2024-05-01,332.7,completed,2024-05-01 13:00:00
2396,42,2024-05-11,43.8,refunded,2024-05-21 00:00:00
2397,16,2024-05-04,299,cancelled,2024-05-07 00:00:00
2398,36,2024-05-22,79,refunded,2024-06-05 00:00:00
2399,30,2024-05-19,12.5,completed,2024-05-19 14:00:00
2400,59,2024-05-27,133.9,completed,2024-05-27 19:00:00
2401,55,2024-05-07,69.8,completed,2024-05-07 11:00:00
2402,29,2024-05-30,747,completed,2024-05-30 17:00:00
2403,18,2024-05-31,139.6,completed,2024-05-31 17:00:00
2404,37,2024-05-06,159,completed,2024-05-06 16:00:00
2405,4,2024-05-21,99,completed,2024-05-21 12:00:00
2406,18,2024-05-24,536,refunded,2024-06-03 00:00:00
2407,56,2024-05-17,311.9,completed,2024-05-17 11:00:00
2408,31,2024-05-22,237.25,refunded,2024-06-09 00:00:00
2409,9,2024-05-23,521.75,completed,2024-05-23 09:00:00
2410,36,2024-05-25,129,completed,2024-05-25 11:00:00
2411,43,2024-05-28,149,refunded,2024-06-07 00:00:00
2412,44,2024-05-22,415,completed,2024-05-22 08:00:00
2413,21,2024-05-19,166.5,pending,2024-05-19 12:00:00
2414,23,2024-05-08,231.4,completed,2024-05-08 18:00:00
2415,60,2024-05-25,89,completed,2024-05-25 08:00:00
2416,23,2024-05-05,68.5,completed,2024-05-05 13:00:00
2417,31,2024-05-02,357,completed,2024-05-02 13:00:00
2418,40,2024-05-05,575.45,completed,2024-05-05 10:00:00
2419,6,2024-06-07,119.7,completed,2024-06-07 14:00:00
2420,47,2024-06-04,200.2,completed,2024-06-04 09:00:00
2421,48,2024-06-25,422.9,refunded,2024-07-11 00:00:00
2422,31,2024-06-08,89,completed,2024-06-08 17:00:00
2423,3,2024-06-06,158.8,completed,2024-06-06 13:00:00
2424,7,2024-06-29,178.9,refunded,2024-07-15 00:00:00
2425,57,2024-06-28,129,completed,2024-06-28 08:00:00
2426,25,2024-06-01,416.8,cancelled,2024-06-16 00:00:00
2427,36,2024-06-23,109,completed,2024-06-23 18:00:00
2428,54,2024-06-21,118,refunded,2024-06-25 00:00:00
2429,14,2024-06-24,270.3,completed,2024-06-24 09:00:00
2430,56,2024-06-16,34.9,completed,2024-06-16 08:00:00
2431,21,2024-06-05,45,refunded,2024-06-11 00:00:00
2432,44,2024-06-20,99.2,completed,2024-06-20 19:00:00
2433,11,2024-06-03,59.5,completed,2024-06-03 15:00:00
2434,52,2024-06-01,79,completed,2024-06-01 19:00:00
2435,1,2024-06-27,79,completed,2024-06-27 09:00:00
2436,58,2024-06-17,358,completed,2024-06-17 10:00:00
2437,33,2024-06-17,324.75,completed,2024-06-17 16:00:00
2438,13,2024-06-03,64.4,completed,2024-06-03 08:00:00
2439,48,2024-06-13,22.5,cancelled,2024-06-21 00:00:00
2440,45,2024-06-01,18.5,completed,2024-06-01 10:00:00
2441,11,2024-06-16,149,cancelled,2024-07-02 00:00:00
2442,18,2024-06-06,114,completed,2024-06-06 18:00:00
2443,10,2024-06-04,297,completed,2024-06-04 08:00:00
2444,24,2024-06-20,59,refunded,2024-06-21 00:00:00
2445,15,2024-06-02,18.5,completed,2024-06-02 17:00:00
2446,5,2024-06-10,59,completed,2024-06-10 16:00:00
2447,54,2024-06-01,271.5,completed,2024-06-01 19:00:00
2448,41,2024-06-16,149,completed,2024-06-16 08:00:00
2449,35,2024-06-10,366.9,completed,2024-06-10 16:00:00
2450,57,2024-06-23,144.7,refunded,2024-07-13 00:00:00
2451,37,2024-06-05,99.8,completed,2024-06-05 20:00:00
2452,17,2024-06-16,149,completed,2024-06-16 20:00:00
2453,10,2024-06-22,1310,pending,2024-06-22 19:00:00
2454,28,2024-06-20,16.9,completed,2024-06-20 08:00:00
2455,51,2024-06-16,49.9,completed,2024-06-16 09:00:00
2456,12,2024-06-13,129,completed,2024-06-13 12:00:00
2457,59,2024-06-26,45,pending,2024-06-26 14:00:00
2458,17,2024-06-01,210.5,completed,2024-06-01 13:00:00
2459,28,2024-06-29,19.9,cancelled,2024-07-04 00:00:00
2460,45,2024-06-07,314.3,completed,2024-06-07 16:00:00
2461,21,2024-06-03,109,completed,2024-06-03 09:00:00
2462,34,2024-06-14,223.7,completed,2024-06-14 18:00:00
2463,15,2024-06-14,104.7,completed,2024-06-14 13:00:00
2464,14,2024-06-13,14.5,completed,2024-06-13 10:00:00
2465,41,2024-06-25,79.8,completed,2024-06-25 16:00:00
2466,46,2024-06-08,311.8,cancelled,2024-06-23 00:00:00
2467,55,2024-06-26,158,refunded,2024-07-10 00:00:00
2468,29,2024-06-27,79.6,completed,2024-06-27 20:00:00
2469,2,2024-07-28,198,refunded,2024-08-08 00:00:00
2470,10,2024-07-06,168.5,completed,2024-07-06 16:00:00
2471,12,2024-07-03,150.5,cancelled,2024-07-24 00:00:00
2472,35,2024-07-17,429.2,completed,2024-07-17 08:00:00
2473,53,2024-07-04,21.9,refunded,2024-07-09 00:00:00
2474,23,2024-07-26,24.9,completed,2024-07-26 14:00:00
2475,7,2024-07-12,109,completed,2024-07-12 16:00:00
2476,11,2024-07-23,177,completed,2024-07-23 20:00:00
2477,46,2024-07-11,744,pending,2024-07-11 16:00:00
2478,49,2024-07-15,32.4,completed,2024-07-15 10:00:00
2479,14,2024-07-03,72.2,completed,2024-07-03 17:00:00
2480,36,2024-07-03,74.9,completed,2024-07-03 14:00:00
2481,32,2024-07-06,54,completed,2024-07-06 09:00:00
2482,48,2024-07-24,79,refunded,2024-07-27 00:00:00
2483,47,2024-07-16,34.9,completed,2024-07-16 09:00:00
2484,19,2024-07-23,224.7,completed,2024-07-23 13:00:00
2485,35,2024-07-09,84.7,cancelled,2024-07-28 00:00:00
2486,25,2024-07-10,101.5,pending,2024-07-10 14:00:00
2487,21,2024-07-16,107.65,refunded,2024-07-17 00:00:00
2488,16,2024-07-01,352.9,completed,2024-07-01 19:00:00
2489,29,2024-07-09,39.8,completed,2024-07-09 12:00:00
2490,18,2024-07-14,33.8,completed,2024-07-14 13:00:00
2491,14,2024-07-03,29.9,completed,2024-07-03 17:00:00
2492,23,2024-07-06,18.5,completed,2024-07-06 13:00:00
2493,28,2024-07-11,228,cancelled,2024-07-31 00:00:00
2494,40,2024-07-25,34.9,completed,2024-07-25 09:00:00
2495,56,2024-07-07,14.5,completed,2024-07-07 16:00:00
2496,47,2024-07-19,74.9,completed,2024-07-19 15:00:00
2497,20,2024-07-06,353,completed,2024-07-06 18:00:00
2498,13,2024-07-27,655,pending,2024-07-27 17:00:00
2499,43,2024-07-13,347,completed,2024-07-13 12:00:00
2500,21,2024-07-07,29.9,completed,2024-07-07 17:00:00
2501,3,2024-07-23,86.3,completed,2024-07-23 09:00:00
2502,47,2024-07-24,238.8,cancelled,2024-08-09 00:00:00
2503,42,2024-07-07,150.5,completed,2024-07-07 12:00:00
2504,38,2024-07-20,229.3,cancelled,2024-07-21 00:00:00
2505,13,2024-07-03,183.9,completed,2024-07-03 19:00:00
2506,20,2024-07-04,384.75,completed,2024-07-04 10:00:00
2507,60,2024-07-08,34.9,cancelled,2024-07-23 00:00:00
2508,2,2024-07-22,258,completed,2024-07-22 12:00:00
2509,40,2024-07-04,33.8,completed,2024-07-04 17:00:00
2510,1,2024-07-20,130.9,refunded,2024-07-24 00:00:00
2511,7,2024-07-05,207,completed,2024-07-05 08:00:00
2512,8,2024-07-12,893,completed,2024-07-12 16:00:00
2513,46,2024-07-07,258,pending,2024-07-07 15:00:00
2514,11,2024-07-19,119.6,completed,2024-07-19 11:00:00
2515,9,2024-07-06,99,pending,2024-07-06 08:00:00
2516,39,2024-07-18,128,refunded,2024-08-06 00:00:00
2517,33,2024-07-28,59.8,completed,2024-07-28 16:00:00
2518,36,2024-07-30,511.7,cancelled,2024-08-06 00:00:00
2519,5,2024-07-14,428,refunded,2024-08-04 00:00:00
2520,27,2024-08-06,22.5,completed,2024-08-06 09:00:00
2521,36,2024-08-13,129.6,cancelled,2024-08-27 00:00:00
2522,32,2024-08-07,21.9,refunded,2024-08-09 00:00:00
2523,36,2024-08-01,39.9,completed,2024-08-01 20:00:00
2524,33,2024-08-24,341.9,completed,2024-08-24 08:00:00
2525,15,2024-08-31,18.5,refunded,2024-09-18 00:00:00
2526,27,2024-08-05,320.9,completed,2024-08-05 13:00:00
2527,6,2024-08-26,29.9,refunded,2024-09-10 00:00:00
2528,29,2024-08-05,21.9,completed,2024-08-05 17:00:00
2529,59,2024-08-20,22.5,cancelled,2024-09-01 00:00:00
2530,23,2024-08-03,194.25,pending,2024-08-03 14:00:00
2531,13,2024-08-08,75.25,cancelled,2024-08-11 00:00:00
2532,39,2024-08-09,321.5,completed,2024-08-09 17:00:00
2533,47,2024-08-31,66.8,pending,2024-08-31 18:00:00
2534,17,2024-08-28,109,cancelled,2024-09-18 00:00:00
2535,14,2024-08-18,54,completed,2024-08-18 13:00:00
2536,5,2024-08-21,292.25,refunded,2024-09-08 00:00:00
2537,21,2024-08-12,742,completed,2024-08-12 18:00:00
2538,31,2024-08-11,79.8,completed,2024-08-11 19:00:00
2539,56,2024-08-04,21.9,pending,2024-08-04 15:00:00
2540,10,2024-08-14,129,completed,2024-08-14 20:00:00
2541,26,2024-08-02,149.6,completed,2024-08-02 17:00:00
2542,8,2024-08-31,14.5,completed,2024-08-31 14:00:00
2543,4,2024-08-30,374.25,completed,2024-08-30 19:00:00
2544,5,2024-08-27,149.7,refunded,2024-09-05 00:00:00
2545,41,2024-08-06,323.3,completed,2024-08-06 08:00:00
2546,53,2024-08-05,19.9,cancelled,2024-08-18 00:00:00
2547,50,2024-08-27,79.8,completed,2024-08-27 08:00:00
2548,54,2024-08-17,1495,completed,2024-08-17 18:00:00
2549,28,2024-08-13,192.5,cancelled,2024-08-24 00:00:00
2550,22,2024-08-01,178,completed,2024-08-01 10:00:00
2551,53,2024-08-04,50.7,completed,2024-08-04 11:00:00
2552,54,2024-08-07,248.7,refunded,2024-08-09 00:00:00
2553,16,2024-08-16,158,completed,2024-08-16 10:00:00
2554,52,2024-08-20,119,completed,2024-08-20 19:00:00
2555,22,2024-08-12,436.8,completed,2024-08-12 12:00:00
2556,2,2024-08-07,84.8,completed,2024-08-07 18:00:00
2557,37,2024-09-22,119,refunded,2024-10-02 00:00:00
2558,47,2024-09-07,81.5,pending,2024-09-07 13:00:00
2559,24,2024-09-26,348.9,completed,2024-09-26 14:00:00
2560,59,2024-09-15,69.8,cancelled,2024-09-30 00:00:00
2561,13,2024-09-15,99,completed,2024-09-15 19:00:00
2562,26,2024-09-15,104.7,completed,2024-09-15 08:00:00
2563,42,2024-09-27,79.8,completed,2024-09-27 11:00:00
2564,22,2024-09-04,14.5,completed,2024-09-04 11:00:00
2565,29,2024-09-17,143.9,completed,2024-09-17 18:00:00
2566,42,2024-09-15,88.8,completed,2024-09-15 17:00:00
2567,20,2024-09-18,299,completed,2024-09-18 17:00:00
2568,41,2024-09-04,287.8,completed,2024-09-04 09:00:00
2569,44,2024-09-04,45,completed,2024-09-04 20:00:00
2570,31,2024-09-05,354.8,completed,2024-09-05 12:00:00
2571,3,2024-09-21,12.5,pending,2024-09-21 12:00:00
2572,15,2024-09-13,199.6,cancelled,2024-09-21 00:00:00
2573,7,2024-09-06,526,pending,2024-09-06 13:00:00
2574,36,2024-09-12,218,cancelled,2024-09-19 00:00:00
2575,47,2024-09-03,171.3,pending,2024-09-03 13:00:00
2576,3,2024-09-03,54,pending,2024-09-03 19:00:00
2577,8,2024-09-28,403.75,cancelled,2024-10-08 00:00:00
2578,24,2024-09-20,79.8,completed,2024-09-20 10:00:00
2579,57,2024-09-13,222.9,completed,2024-09-13 15:00:00
2580,31,2024-09-24,620.5,completed,2024-09-24 17:00:00
2581,46,2024-09-09,424,completed,2024-09-09 19:00:00
2582,6,2024-09-22,91.8,completed,2024-09-22 14:00:00
2583,15,2024-09-22,149,completed,2024-09-22 15:00:00
2584,26,2024-09-16,367,completed,2024-09-16 17:00:00
2585,8,2024-09-29,110.9,cancelled,2024-10-05 00:00:00
2586,15,2024-09-21,90.6,refunded,2024-10-03 00:00:00
2587,40,2024-09-16,49.8,completed,2024-09-16 16:00:00
2588,13,2024-09-10,22.5,completed,2024-09-10 14:00:00
2589,26,2024-09-13,397,pending,2024-09-13 13:00:00
2590,49,2024-09-18,79,completed,2024-09-18 08:00:00
2591,31,2024-09-01,84.5,completed,2024-09-01 14:00:00
2592,1,2024-09-23,39.9,cancelled,2024-10-04 00:00:00
2593,21,2024-09-27,49.9,completed,2024-09-27 14:00:00
2594,2,2024-09-30,99.8,cancelled,2024-10-19 00:00:00
2595,51,2024-09-20,150.5,cancelled,2024-09-28 00:00:00
2596,19,2024-09-06,353,completed,2024-09-06 08:00:00
2597,3,2024-09-18,885,completed,2024-09-18 09:00:00
2598,40,2024-09-18,267.9,completed,2024-09-18 09:00:00
2599,54,2024-09-28,312,completed,2024-09-28 15:00:00
2600,46,2024-09-01,19.9,completed,2024-09-01 19:00:00
2601,23,2024-09-27,21.9,completed,2024-09-27 19:00:00
2602,60,2024-09-18,287.8,completed,2024-09-18 12:00:00
2603,17,2024-09-21,158,refunded,2024-09-30 00:00:00
2604,1,2024-09-22,18.5,completed,2024-09-22 20:00:00
2605,22,2024-09-15,149,completed,2024-09-15 17:00:00
2606,31,2024-09-19,341.9,completed,2024-09-19 09:00:00
2607,7,2024-09-30,475,completed,2024-09-30 18:00:00
2608,9,2024-09-06,131.7,cancelled,2024-09-23 00:00:00
2609,41,2024-09-18,79,completed,2024-09-18 18:00:00
2610,53,2024-09-13,49.9,pending,2024-09-13 10:00:00
2611,52,2024-10-25,595,cancelled,2024-11-05 00:00:00
2612,19,2024-10-14,43.8,completed,2024-10-14 14:00:00
2613,27,2024-10-27,1015,completed,2024-10-27 08:00:00
2614,21,2024-10-23,357,completed,2024-10-23 09:00:00
2615,15,2024-10-16,55.5,pending,2024-10-16 14:00:00
2616,54,2024-10-17,158,completed,2024-10-17 16:00:00
2617,5,2024-10-29,129,completed,2024-10-29 17:00:00
2618,60,2024-10-24,19.9,completed,2024-10-24 16:00:00
2619,42,2024-10-14,611.25,cancelled,2024-11-03 00:00:00
2620,56,2024-10-07,95.9,completed,2024-10-07 15:00:00
2621,5,2024-10-26,185.4,completed,2024-10-26 16:00:00
2622,41,2024-10-28,75.25,completed,2024-10-28 19:00:00
2623,21,2024-10-12,74.8,completed,2024-10-12 20:00:00
2624,32,2024-10-29,385,completed,2024-10-29 11:00:00
2625,42,2024-10-12,51.5,pending,2024-10-12 08:00:00
2626,9,2024-10-24,159,cancelled,2024-10-27 00:00:00
2627,26,2024-10-21,867.9,completed,2024-10-21 16:00:00
2628,38,2024-10-24,89,refunded,2024-11-03 00:00:00
2629,32,2024-10-02,134,completed,2024-10-02 11:00:00
2630,8,2024-10-04,93.4,completed,2024-10-04 18:00:00
2631,55,2024-10-05,153.9,cancelled,2024-10-06 00:00:00
2632,38,2024-10-09,349,completed,2024-10-09 10:00:00
2633,23,2024-10-08,109,cancelled,2024-10-23 00:00:00
2634,32,2024-10-16,155.2,refunded,2024-10-25 00:00:00
2635,17,2024-10-12,109,completed,2024-10-12 15:00:00
2636,7,2024-10-09,129.3,completed,2024-10-09 08:00:00
2637,45,2024-10-02,202,completed,2024-10-02 20:00:00
2638,52,2024-10-03,353,completed,2024-10-03 09:00:00
2639,5,2024-10-23,119.7,cancelled,2024-10-24 00:00:00
2640,10,2024-10-07,217.9,completed,2024-10-07 08:00:00
2641,18,2024-10-26,79,completed,2024-10-26 16:00:00
2642,6,2024-10-18,149,refunded,2024-11-04 00:00:00
2643,26,2024-10-16,109,completed,2024-10-16 08:00:00
2644,13,2024-10-20,238,completed,2024-10-20 15:00:00
2645,4,2024-10-15,173.7,completed,2024-10-15 14:00:00
2646,20,2024-10-01,49.8,completed,2024-10-01 10:00:00
2647,9,2024-10-14,59.8,completed,2024-10-14 14:00:00
2648,18,2024-10-17,33.8,completed,2024-10-17 12:00:00
2649,32,2024-10-31,119,completed,2024-10-31 18:00:00
2650,18,2024-10-07,35,completed,2024-10-07 09:00:00
2651,36,2024-10-22,197.9,completed,2024-10-22 15:00:00
2652,21,2024-10-31,24.9,completed,2024-10-31 16:00:00
2653,34,2024-10-15,138.9,completed,2024-10-15 16:00:00
2654,10,2024-10-16,68.5,refunded,2024-10-28 00:00:00
2655,36,2024-10-27,269.5,completed,2024-10-27 13:00:00
2656,13,2024-10-19,295,completed,2024-10-19 18:00:00
2657,27,2024-10-09,924,completed,2024-10-09 20:00:00
2658,42,2024-10-10,648.7,refunded,2024-10-15 00:00:00
2659,24,2024-10-04,1052,completed,2024-10-04 13:00:00
2660,60,2024-10-23,69.7,pending,2024-10-23 20:00:00
2661,4,2024-10-20,300,completed,2024-10-20 10:00:00
2662,54,2024-10-13,18.5,refunded,2024-10-28 00:00:00
2663,11,2024-10-19,257.1,completed,2024-10-19 13:00:00
2664,54,2024-10-28,99.8,completed,2024-10-28 14:00:00
2665,17,2024-10-02,49.9,completed,2024-10-02 12:00:00
2666,15,2024-11-01,101.5,refunded,2024-11-18 00:00:00
2667,41,2024-11-15,67.5,completed,2024-11-15 20:00:00
2668,2,2024-11-17,163.45,completed,2024-11-17 19:00:00
2669,53,2024-11-02,575,completed,2024-11-02 08:00:00
2670,19,2024-11-18,476,completed,2024-11-18 13:00:00
2671,2,2024-11-12,24.9,completed,2024-11-12 16:00:00
2672,33,2024-11-23,137.05,completed,2024-11-23 13:00:00
2673,8,2024-11-10,21.9,completed,2024-11-10 18:00:00
2674,16,2024-11-16,67.5,completed,2024-11-16 20:00:00
2675,56,2024-11-25,752.9,completed,2024-11-25 10:00:00
2676,9,2024-11-27,22.5,completed,2024-11-27 10:00:00
2677,7,2024-11-06,22.5,completed,2024-11-06 10:00:00
2678,5,2024-11-23,39.9,completed,2024-11-23 08:00:00
2679,53,2024-11-10,448,completed,2024-11-10 19:00:00
2680,18,2024-11-09,138.8,completed,2024-11-09 10:00:00
2681,32,2024-11-14,745,cancelled,2024-12-02 00:00:00
2682,49,2024-11-16,159,completed,2024-11-16 10:00:00
2683,11,2024-11-08,436,refunded,2024-11-17 00:00:00
2684,6,2024-11-22,326.8,completed,2024-11-22 09:00:00
2685,15,2024-11-07,77.5,completed,2024-11-07 08:00:00
2686,44,2024-11-05,985,completed,2024-11-05 19:00:00
2687,9,2024-11-05,59,pending,2024-11-05 18:00:00
2688,43,2024-11-17,123.9,completed,2024-11-17 10:00:00
2689,51,2024-11-13,198.8,completed,2024-11-13 13:00:00
2690,19,2024-11-21,79,completed,2024-11-21 12:00:00
2691,54,2024-11-14,22.5,completed,2024-11-14 19:00:00
2692,20,2024-11-19,475,refunded,2024-11-29 00:00:00
2693,49,2024-11-14,128.9,completed,2024-11-14 13:00:00
2694,23,2024-11-26,12.5,completed,2024-11-26 16:00:00
2695,57,2024-11-08,24.9,completed,2024-11-08 13:00:00
2696,28,2024-11-18,307.7,refunded,2024-12-02 00:00:00
2697,19,2024-11-08,47.4,completed,2024-11-08 16:00:00
2698,53,2024-11-02,327,refunded,2024-11-07 00:00:00
2699,43,2024-11-09,336.8,completed,2024-11-09 10:00:00
2700,20,2024-11-05,21.9,completed,2024-11-05 16:00:00
2701,43,2024-11-18,299,completed,2024-11-18 12:00:00
2702,37,2024-11-01,34.9,cancelled,2024-11-13 00:00:00
2703,27,2024-11-14,357,completed,2024-11-14 19:00:00
2704,48,2024-11-02,257,cancelled,2024-11-04 00:00:00
2705,43,2024-11-09,118,completed,2024-11-09 13:00:00
2706,58,2024-11-11,267.9,completed,2024-11-11 13:00:00
2707,26,2024-11-13,49.9,cancelled,2024-11-17 00:00:00
2708,57,2024-11-27,376.9,completed,2024-11-27 19:00:00
2709,46,2024-11-10,515,completed,2024-11-10 18:00:00
2710,6,2024-11-30,29,pending,2024-11-30 20:00:00
2711,18,2024-11-20,18.5,completed,2024-11-20 10:00:00
2712,11,2024-11-04,79,completed,2024-11-04 17:00:00
2713,18,2024-11-06,516,completed,2024-11-06 20:00:00
2714,35,2024-11-18,115.9,cancelled,2024-11-20 00:00:00
2715,11,2024-11-29,39.9,completed,2024-11-29 11:00:00
2716,22,2024-11-09,74.9,refunded,2024-11-30 00:00:00
2717,59,2024-11-17,33.8,completed,2024-11-17 20:00:00
2718,25,2024-11-21,129.6,completed,2024-11-21 11:00:00
2719,49,2024-11-19,774,completed,2024-11-19 16:00:00
2720,25,2024-11-23,318,completed,2024-11-23 08:00:00
2721,6,2024-11-25,159,completed,2024-11-25 15:00:00
2722,4,2024-11-11,190.3,completed,2024-11-11 08:00:00
2723,60,2024-11-01,89,refunded,2024-11-15 00:00:00
2724,18,2024-11-09,119,pending,2024-11-09 20:00:00
2725,51,2024-11-12,79,refunded,2024-12-03 00:00:00
2726,15,2024-11-10,49.9,completed,2024-11-10 11:00:00
2727,12,2024-11-13,39.9,completed,2024-11-13 16:00:00
2728,54,2024-11-15,29,completed,2024-11-15 13:00:00
2729,60,2024-11-17,14.5,pending,2024-11-17 16:00:00
2730,30,2024-11-29,89,completed,2024-11-29 08:00:00
2731,54,2024-11-11,121.7,completed,2024-11-11 20:00:00
2732,14,2024-11-15,71.7,completed,2024-11-15 15:00:00
2733,4,2024-11-10,350.2,completed,2024-11-10 18:00:00
2734,4,2024-11-29,358.75,pending,2024-11-29 08:00:00
2735,3,2024-11-22,435.2,pending,2024-11-22 10:00:00
2736,27,2024-11-27,598,pending,2024-11-27 17:00:00
2737,57,2024-11-09,29.9,cancelled,2024-11-27 00:00:00
2738,44,2024-11-21,234.15,pending,2024-11-21 16:00:00
2739,47,2024-11-26,198.8,completed,2024-11-26 12:00:00
2740,34,2024-11-24,218,completed,2024-11-24 17:00:00
2741,19,2024-11-29,19.9,completed,2024-11-29 09:00:00
2742,8,2024-11-29,21.9,pending,2024-11-29 13:00:00
2743,26,2024-11-11,74.9,cancelled,2024-11-29 00:00:00
2744,59,2024-11-27,109,refunded,2024-12-06 00:00:00
2745,36,2024-11-29,149.25,completed,2024-11-29 14:00:00
2746,40,2024-11-08,298,refunded,2024-11-22 00:00:00
2747,14,2024-11-30,39.9,cancelled,2024-12-04 00:00:00
2748,6,2024-11-08,24.9,cancelled,2024-11-16 00:00:00
2749,27,2024-11-07,37,completed,2024-11-07 14:00:00
2750,49,2024-11-28,291.7,completed,2024-11-28 17:00:00
2751,59,2024-12-31,91.8,completed,2024-12-31 16:00:00
2752,11,2024-12-05,417,pending,2024-12-05 15:00:00
2753,8,2024-12-20,297,completed,2024-12-20 15:00:00
2754,58,2024-12-06,164.6,refunded,2024-12-11 00:00:00
2755,27,2024-12-04,19.9,refunded,2024-12-11 00:00:00
2756,33,2024-12-18,75.25,completed,2024-12-18 12:00:00
2757,7,2024-12-11,216,cancelled,2024-12-12 00:00:00
2758,13,2024-12-07,18.5,pending,2024-12-07 11:00:00
2759,46,2024-12-24,45,completed,2024-12-24 11:00:00
2760,59,2024-12-02,49.9,completed,2024-12-02 16:00:00
2761,27,2024-12-07,118.9,completed,2024-12-07 13:00:00
2762,12,2024-12-11,129,completed,2024-12-11 08:00:00
2763,29,2024-12-20,118,completed,2024-12-20 16:00:00
2764,34,2024-12-29,99,completed,2024-12-29 08:00:00
2765,10,2024-12-22,129,completed,2024-12-22 16:00:00
2766,33,2024-12-04,149.8,completed,2024-12-04 14:00:00
2767,47,2024-12-07,537,completed,2024-12-07 17:00:00
2768,51,2024-12-30,154.95,completed,2024-12-30 20:00:00
2769,23,2024-12-29,129,completed,2024-12-29 14:00:00
2770,44,2024-12-21,22.5,completed,2024-12-21 11:00:00
2771,54,2024-12-23,14.5,completed,2024-12-23 10:00:00
2772,58,2024-12-28,484.25,completed,2024-12-28 13:00:00
2773,25,2024-12-05,16.9,refunded,2024-12-21 00:00:00
2774,9,2024-12-04,240.5,completed,2024-12-04 12:00:00
2775,11,2024-12-29,59,cancelled,2025-01-03 00:00:00
2776,12,2024-12-07,304.5,completed,2024-12-07 18:00:00
2777,30,2024-12-20,37.5,completed,2024-12-20 20:00:00
2778,27,2024-12-04,164.25,completed,2024-12-04 20:00:00
2779,2,2024-12-21,197,completed,2024-12-21 18:00:00
2780,51,2024-12-13,99,completed,2024-12-13 17:00:00
2781,29,2024-12-31,258,refunded,2025-01-05 00:00:00
2782,15,2024-12-13,37,completed,2024-12-13 09:00:00
2783,3,2024-12-13,252.9,completed,2024-12-13 17:00:00
2784,11,2024-12-10,16.9,completed,2024-12-10 18:00:00
2785,58,2024-12-06,74.9,cancelled,2024-12-23 00:00:00
2786,1,2024-12-15,471,cancelled,2024-12-31 00:00:00
2787,31,2024-12-07,33.8,pending,2024-12-07 18:00:00
2788,47,2024-12-27,39.9,completed,2024-12-27 11:00:00
2789,16,2024-12-02,53.4,pending,2024-12-02 16:00:00
2790,6,2024-12-29,281.25,pending,2024-12-29 18:00:00
2791,58,2024-12-26,18.5,completed,2024-12-26 17:00:00
2792,24,2024-12-14,610.7,completed,2024-12-14 20:00:00
2793,4,2024-12-19,1196,completed,2024-12-19 16:00:00
2794,8,2024-12-10,149.8,completed,2024-12-10 20:00:00
2795,14,2024-12-18,125.05,completed,2024-12-18 10:00:00
2796,44,2024-12-14,405.5,completed,2024-12-14 20:00:00
2797,44,2024-12-24,407.8,completed,2024-12-24 13:00:00
2798,49,2024-12-10,87.3,cancelled,2024-12-28 00:00:00
2799,31,2024-12-25,153.9,cancelled,2025-01-03 00:00:00
2800,12,2024-12-11,24.9,completed,2024-12-11 17:00:00
2801,41,2024-12-01,110.15,completed,2024-12-01 18:00:00
2802,33,2024-12-23,102.4,completed,2024-12-23 10:00:00
2803,53,2024-12-30,18.5,pending,2024-12-30 14:00:00
2804,59,2024-12-03,258,completed,2024-12-03 18:00:00
2805,14,2024-12-07,74.9,completed,2024-12-07 11:00:00
2806,18,2024-12-23,49.9,completed,2024-12-23 11:00:00
2807,37,2024-12-02,12.5,completed,2024-12-02 12:00:00
2808,38,2024-12-09,277,completed,2024-12-09 20:00:00
2809,39,2024-12-16,78,completed,2024-12-16 19:00:00
2810,3,2024-12-15,387,cancelled,2024-12-18 00:00:00
2811,21,2024-12-28,34.9,completed,2024-12-28 11:00:00
2812,60,2024-12-03,21.9,completed,2024-12-03 18:00:00
2813,23,2024-12-11,138,completed,2024-12-11 17:00:00
2814,24,2024-12-04,97.8,completed,2024-12-04 10:00:00
2815,38,2024-12-07,258,pending,2024-12-07 19:00:00
2816,42,2024-12-14,218.7,pending,2024-12-14 10:00:00
2817,15,2024-12-03,119,completed,2024-12-03 09:00:00
2818,36,2024-12-20,238,completed,2024-12-20 12:00:00
2819,29,2024-12-18,108,completed,2024-12-18 12:00:00
2820,56,2024-12-12,43.5,completed,2024-12-12 09:00:00
2821,35,2024-12-31,22.5,pending,2024-12-31 11:00:00
2822,60,2024-12-28,129,completed,2024-12-28 12:00:00
2823,53,2024-12-30,309.9,pending,2024-12-30 19:00:00
2824,47,2024-12-13,521.9,completed,2024-12-13 08:00:00
2825,35,2024-12-26,458,cancelled,2025-01-06 00:00:00
2826,39,2024-12-13,128.9,completed,2024-12-13 13:00:00
2827,53,2024-12-20,18.5,pending,2024-12-20 10:00:00
2828,31,2024-12-10,277,completed,2024-12-10 18:00:00
2829,9,2024-12-01,598,completed,2024-12-01 17:00:00
2830,25,2024-12-27,34.9,cancelled,2024-12-30 00:00:00
2831,20,2024-12-15,666.8,pending,2024-12-15 09:00:00
2832,37,2024-12-28,22.5,completed,2024-12-28 09:00:00
2833,32,2024-12-14,129,completed,2024-12-14 18:00:00
2834,21,2024-12-06,493.9,completed,2024-12-06 12:00:00
2835,22,2024-12-26,75.25,completed,2024-12-26 16:00:00
2836,34,2024-12-20,186,completed,2024-12-20 17:00:00
2837,31,2024-12-17,598,refunded,2024-12-26 00:00:00
2838,21,2025-01-30,748.5,completed,2025-01-30 08:00:00
2839,54,2025-01-10,119,completed,2025-01-10 16:00:00
2840,56,2025-01-02,62.3,completed,2025-01-02 10:00:00
2841,28,2025-01-26,358.5,completed,2025-01-26 17:00:00
2842,41,2025-01-06,326,completed,2025-01-06 08:00:00
2843,48,2025-01-23,530.9,completed,2025-01-23 10:00:00
2844,33,2025-01-13,211.5,completed,2025-01-13 18:00:00
2845,40,2025-01-18,708.4,refunded,2025-01-29 00:00:00
2846,5,2025-01-19,178.9,completed,2025-01-19 18:00:00
2847,12,2025-01-04,268.7,completed,2025-01-04 18:00:00
2848,55,2025-01-13,149,completed,2025-01-13 15:00:00
2849,41,2025-01-01,305.5,completed,2025-01-01 13:00:00
2850,6,2025-01-16,138,completed,2025-01-16 13:00:00
2851,35,2025-01-08,74.7,completed,2025-01-08 14:00:00
2852,5,2025-01-11,59,completed,2025-01-11 14:00:00
2853,25,2025-01-29,598,completed,2025-01-29 08:00:00
2854,10,2025-01-28,139.6,completed,2025-01-28 08:00:00
2855,25,2025-01-14,432,cancelled,2025-01-26 00:00:00
2856,21,2025-01-27,323.25,completed,2025-01-27 18:00:00
2857,58,2025-01-31,119,cancelled,2025-02-16 00:00:00
2858,19,2025-01-01,79,completed,2025-01-01 19:00:00
2859,46,2025-01-06,34.9,completed,2025-01-06 18:00:00
2860,32,2025-01-17,59.8,completed,2025-01-17 15:00:00
2861,27,2025-01-16,358,pending,2025-01-16 09:00:00
2862,43,2025-01-10,90.8,completed,2025-01-10 17:00:00
2863,13,2025-01-30,492.9,refunded,2025-02-16 00:00:00
2864,28,2025-01-13,119,completed,2025-01-13 18:00:00
2865,38,2025-01-21,436.3,completed,2025-01-21 08:00:00
2866,31,2025-01-27,21.9,pending,2025-01-27 11:00:00
2867,43,2025-01-27,58.4,completed,2025-01-27 18:00:00
2868,5,2025-01-02,99.8,pending,2025-01-02 13:00:00
2869,19,2025-01-13,598,refunded,2025-01-20 00:00:00
2870,15,2025-01-30,196.9,completed,2025-01-30 09:00:00
2871,40,2025-01-27,183,completed,2025-01-27 08:00:00
2872,2,2025-01-22,199.6,completed,2025-01-22 09:00:00
2873,23,2025-01-08,622.9,refunded,2025-01-14 00:00:00
2874,18,2025-01-22,41,completed,2025-01-22 14:00:00
2875,11,2025-01-26,647.9,completed,2025-01-26 17:00:00
2876,43,2025-01-16,18.5,completed,2025-01-16 19:00:00
2877,26,2025-01-14,99,completed,2025-01-14 10:00:00
2878,46,2025-01-06,149,completed,2025-01-06 11:00:00
2879,21,2025-02-14,53.4,completed,2025-02-14 16:00:00
2880,39,2025-02-14,223.8,completed,2025-02-14 13:00:00
2881,57,2025-02-07,480.35,completed,2025-02-07 13:00:00
2882,4,2025-02-18,52.3,completed,2025-02-18 09:00:00
2883,59,2025-02-21,69.8,completed,2025-02-21 12:00:00
2884,36,2025-02-27,298,completed,2025-02-27 13:00:00
2885,44,2025-02-24,214.7,pending,2025-02-24 12:00:00
2886,25,2025-02-15,19.9,completed,2025-02-15 10:00:00
2887,43,2025-02-03,271.5,completed,2025-02-03 13:00:00
2888,45,2025-02-10,21.9,completed,2025-02-10 15:00:00
2889,51,2025-02-28,163,completed,2025-02-28 15:00:00
2890,18,2025-02-15,49.9,completed,2025-02-15 11:00:00
2891,19,2025-02-06,49.8,pending,2025-02-06 11:00:00
2892,21,2025-02-19,170.5,completed,2025-02-19 13:00:00
2893,3,2025-02-19,215,refunded,2025-02-28 00:00:00
2894,6,2025-02-15,197.7,completed,2025-02-15 14:00:00
2895,25,2025-02-21,158,completed,2025-02-21 09:00:00
2896,35,2025-02-04,258,completed,2025-02-04 15:00:00
2897,47,2025-02-14,171.5,completed,2025-02-14 15:00:00
2898,19,2025-02-26,368.5,completed,2025-02-26 11:00:00
2899,1,2025-02-10,119,completed,2025-02-10 12:00:00
2900,25,2025-02-01,19.9,completed,2025-02-01 15:00:00
2901,53,2025-02-06,225.75,completed,2025-02-06 20:00:00
2902,55,2025-02-01,380.9,completed,2025-02-01 12:00:00
2903,52,2025-02-17,18.5,completed,2025-02-17 14:00:00
2904,27,2025-02-26,129,completed,2025-02-26 10:00:00
2905,51,2025-02-23,545,completed,2025-02-23 14:00:00
2906,33,2025-02-28,47.4,completed,2025-02-28 08:00:00
2907,33,2025-02-02,24.9,completed,2025-02-02 15:00:00
2908,18,2025-02-20,74.9,completed,2025-02-20 14:00:00
2909,33,2025-02-02,38.8,completed,2025-02-02 19:00:00
2910,29,2025-02-22,118.9,pending,2025-02-22 20:00:00
2911,32,2025-02-05,99,cancelled,2025-02-06 00:00:00
2912,14,2025-02-24,79,completed,2025-02-24 11:00:00
2913,6,2025-02-13,337,refunded,2025-02-25 00:00:00
2914,10,2025-02-23,45,completed,2025-02-23 11:00:00
2915,44,2025-02-27,64.4,cancelled,2025-03-04 00:00:00
2916,20,2025-02-25,79,completed,2025-02-25 20:00:00
2917,48,2025-02-13,233,completed,2025-02-13 19:00:00
2918,33,2025-02-22,119.7,completed,2025-02-22 13:00:00
2919,29,2025-02-11,104,completed,2025-02-11 17:00:00
2920,31,2025-02-16,143.9,completed,2025-02-16 10:00:00
2921,24,2025-02-27,75.25,completed,2025-02-27 19:00:00
2922,20,2025-02-13,119,refunded,2025-03-03 00:00:00
2923,30,2025-02-25,29.9,completed,2025-02-25 12:00:00
2924,34,2025-02-03,416.3,cancelled,2025-02-23 00:00:00
2925,13,2025-02-16,54,cancelled,2025-02-18 00:00:00
2926,40,2025-02-24,911.5,completed,2025-02-24 18:00:00
2927,41,2025-02-09,206.4,refunded,2025-02-15 00:00:00
2928,56,2025-02-21,438.9,completed,2025-02-21 17:00:00
2929,60,2025-02-16,50.7,completed,2025-02-16 10:00:00
2930,55,2025-02-02,208.6,cancelled,2025-02-16 00:00:00
2931,9,2025-02-17,12.5,completed,2025-02-17 20:00:00
2932,43,2025-02-23,74.7,completed,2025-02-23 11:00:00
2933,10,2025-02-01,49.9,completed,2025-02-01 19:00:00
2934,10,2025-02-26,37,completed,2025-02-26 08:00:00
2935,19,2025-02-27,178,completed,2025-02-27 10:00:00
2936,37,2025-02-25,299,completed,2025-02-25 17:00:00
2937,46,2025-02-11,99.8,completed,2025-02-11 18:00:00
2938,56,2025-02-02,639.5,completed,2025-02-02 11:00:00
2939,60,2025-02-07,150.5,refunded,2025-02-25 00:00:00
